MEP id;Order in EP5_rcv;Name;Member State;National Party;EP Group;NOM-D1;NOM-D2
3;1;ABITBOL William;F;1407;A;0,307;-0,709
5;2;ADAM Gordon J.;U;2404;S;-0,081;0,406
10;3;AGAG LONGO Alejandro;E;1301;E;0,642;0,132
13;4;AHERN Nuala;R;2203;V;-0,788;-0,272
16;5;AINARDI Sylviane H.;F;1409;M;-0,89;-0,456
17;6;ALAVANOS Alexandros;G;1507;M;-0,879;-0,444
27;7;ALMEIDA GARRETT Teresa;P;2106;E;0,629;0,129
32;8;ALYSSANDRAKIS Konstantinos;G;1504;M;-0,738;-0,675
43;9;ANDERSSON Jan;S;2306;S;-0,253;0,294
44;10;ANDREASEN Ole;K;1711;L;0,154;-0,064
46;11;ANDREWS Niall;R;2201;G;0,352;-0,376
48;12;ANGELILLI Roberta;I;1601;G;0,499;-0,32
57;13;APARICIO SÁNCHEZ Pedro;E;1314;S;-0,206;0,595
69;14;ARVIDSSON Per-Arne;S;2304;E;0,669;-0,084
70;15;ATKINS Robert;U;2401;E;0,876;-0,483
71;16;ATTWOOLL Elspeth;U;2405;L;0,103;-0,03
74;17;AUROI Danielle;F;1416;V;-0,798;-0,192
76;18;AVEROFF Ioannis;G;1505;E;0,614;0,107
79;19;AVILÉS PEREA María Antonia;E;1301;E;0,622;0,181
80;20;AYUSO GONZÁLEZ María del Pilar;E;1301;E;0,63;0,207
88;21;BAKOPOULOS Emmanouil;G;1502;M;-0,871;-0,487
92;22;BALFE Richard A.;U;2401;E;0,313;-0,201
95;23;BALTAS Alexandros;G;1506;S;-0,202;0,572
98;24;BANOTTI Mary Elizabeth;R;2202;E;0,547;0,088
104;25;BARÓN CRESPO Enrique;E;1314;S;-0,218;0,698
121;26;BAUTISTA OJEDA Carlos;E;1312;V;-0,709;-0,19
124;27;BAYROU François;F;1414;E;0,542;0,103
126;28;BEAZLEY Christopher J.P.;U;2401;E;0,89;-0,456
131;29;BELDER Bastiaan;N;1907;A;0,254;-0,452
138;30;BEREND Rolf;D;1201;E;0,663;0,129
139;31;BERENGUER FUSTER Luis;E;1314;S;-0,213;0,641
140;32;BERES Pervenche;F;1412;S;-0,306;0,341
141;33;BERG Margrietus J. van den ;N;1906;S;-0,236;0,488
142;34;BERGER Maria;A;1005;S;-0,24;0,56
144;35;BERLATO Sergio;I;1601;G;0,456;-0,342
146;36;BERLUSCONI Silvio;I;1608;E;0,463;0,237
150;37;BERNIÉ Jean-Louis;F;1403;A;0,168;-0,643
153;38;BERTHU Georges;F;1407;N;0,384;-0,624
154;39;BERTINOTTI Fausto;I;1614;M;-0,871;-0,437
156;40;BETHELL The Lord;U;2401;E;0,844;-0,249
161;41;BEYSEN Ward;B;1110;L;0,327;-0,02
163;42;BIGLIARDO Roberto Felice;I;1612;G;0,413;-0,476
170;43;BLAK Freddy;K;1708;M;-0,452;-0,084
173;44;BLOKLAND Johannes (Hans);N;1907;A;0,259;-0,457
179;45;BODRATO Guido;I;1606;E;0,502;0,129
183;46;BÖGE Reimer;D;1201;E;0,667;0,133
202;47;BÖSCH Herbert;A;1005;S;-0,263;0,467
181;48;BOETTICHER Christian Ulrik von;D;1201;E;0,669;0,124
188;49;BONDE Jens-Peter;K;1705;A;-0,649;-0,565
190;50;BONINO Emma;I;1617;N;0,128;-0,208
197;51;BORDES Armonia;F;1408;M;-0,776;-0,631
201;52;BOS Bob van den ;N;1902;L;0,104;-0,072
203;53;BOSELLI Enrico;I;1621;S;-0,209;0,685
205;54;BOSSI Umberto;I;1611;N;0,199;-0,395
208;55;BOUDJENAH Yasmine;F;1409;M;-0,867;-0,498
209;56;BOUMEDIENE-THIERY Alima;F;1416;V;-0,817;-0,236
210;57;BOURLANGES Jean-Louis;F;1414;E;0,497;0,067
213;58;BOUWMAN Theodorus J.J.;N;1903;V;-0,789;-0,173
214;59;BOWE David Robert;U;2404;S;-0,141;0,367
215;60;BOWIS John;U;2401;E;0,875;-0,483
217;61;BRADBOURN Philip Charles;U;2401;E;0,873;-0,487
223;62;BREYER Hiltrud;D;1204;V;-0,788;-0,209
225;63;BRIE André;D;1205;M;-0,909;-0,417
232;64;BROK Elmar;D;1201;E;0,648;0,142
236;65;BRUNETTA Renato;I;1608;E;0,691;0,143
242;66;BUITENWEG Kathalijne Maria;N;1903;V;-0,778;-0,186
243;67;BULLMANN Hans Udo;D;1207;S;-0,282;0,55
245;68;BURG Ieke van den ;N;1906;S;-0,258;0,511
248;69;BUSHILL-MATTHEWS Philip;U;2401;E;0,868;-0,497
249;70;BUSK Niels;K;1711;L;0,155;-0,068
251;71;BUTEL Yves;F;1403;A;0,149;-0,632
253;72;BUTTIGLIONE Rocco;I;1604;E;0,621;0,072
261;73;CACCIARI Massimo;I;1607;L;0,206;-0,021
264;74;CALLANAN Martin;U;2401;E;0,863;-0,506
268;75;CAMISÓN ASENSIO Felipe;E;1301;E;0,607;0,18
270;76;CAMPOS António ;P;2105;S;-0,25;0,402
272;77;CAMRE Mogens N.J.;K;1702;G;0,373;-0,543
274;78;CANDAL Carlos;P;2105;S;-0,174;0,38
279;79;CAPPATO Marco;I;1617;N;0,149;-0,245
286;80;CARLOTTI Marie-Arlette;F;1412;S;-0,312;0,315
287;81;CARLSSON Gunilla;S;2304;E;0,623;-0,094
288;82;CARNERO GONZÁLEZ Carlos;E;1314;S;-0,245;0,596
291;83;CARRARO Massimo;I;1613;S;-0,214;0,46
293;84;CARRILHO Maria;P;2105;S;-0,253;0,482
298;85;CASACA Paulo;P;2105;S;-0,203;0,416
299;86;CASHMAN Michael;U;2404;S;-0,14;0,39
300;87;CASINI Carlo;I;1603;E;0,596;0,078
313;88;CAUDRON Gérard;F;1412;M;-0,496;0,008
314;89;CAULLERY Isabelle;F;1407;G;0,479;-0,555
315;90;CAUQUIL Chantal;F;1408;M;-0,801;-0,598
320;91;CEDERSCHIÖLD Charlotte;S;2304;E;0,637;-0,06
322;92;CELLI Giorgio;I;1609;V;-0,783;-0,185
324;93;CERCAS Alejandro;E;1314;S;-0,231;0,501
325;94;CERDEIRA MORTERERO Carmen;E;1314;S;-0,222;0,663
328;95;CESARO Luigi;I;1608;E;0,637;0,066
329;96;CEYHUN Ozan;D;1207;S;-0,288;0,194
339;97;CHICHESTER Giles Bryan;U;2401;E;0,878;-0,479
353;98;CLEGG Nicholas;U;2405;L;0,123;-0,049
360;99;COCILOVO Luigi;I;1606;E;0,524;0,129
362;100;COELHO Carlos;P;2106;E;0,614;0,116
364;101;COHN-BENDIT Daniel Marc;F;1416;V;-0,777;-0,182
372;102;COLLINS Gerard;R;2201;G;0,397;-0,394
375;103;COLOM i NAVAL Joan;E;1315;S;-0,219;0,737
387;104;CORBETT Richard;U;2404;S;-0,16;0,419
388;105;CORBEY Dorette;N;1906;S;-0,251;0,424
391;106;CORNILLET Thierry;F;1414;E;0,567;0,136
393;107;CORRIE John Alexander;U;2401;E;0,875;-0,484
396;108;COSSUTTA Armando;I;1614;M;-0,884;-0,348
397;109;COSTA NEVES Carlos;P;2106;E;0,122;-0,022
398;110;COSTA Paolo;I;1607;L;0,471;-0,027
399;111;COSTA Raffaele;I;1608;E;0,607;0,115
407;112;COUTEAUX Paul;F;1407;A;0,27;-0,717
409;113;COX Pat;R;2205;L;0,153;-0,055
420;114;CROWLEY Brian;R;2201;G;0,424;-0,388
423;115;CUNHA Arlindo;P;2106;E;0,613;0,112
426;116;CUSHNAHAN John Walls;R;2202;E;0,515;0,126
433;117;DAM Rijk van ;N;1907;A;0,252;-0,454
435;118;DAMIÃO Elisa Maria;P;2105;S;-0,208;0,542
441;119;DARRAS Danielle;F;1412;S;-0,266;0,328
442;120;DARY Michel J.M.;F;1405;S;-0,335;0,045
444;121;DAUL Joseph;F;1404;E;0,594;0,129
447;122;DAVIES Chris;U;2405;L;0,114;-0,062
450;123;DE CLERCQ Willy C.E.H.;B;1110;L;0,184;-0,03
477;124;DECOURRIERE Francis;F;1414;E;0,514;0,079
479;125;DEHOUSSE Jean-Maurice;B;1108;S;-0,24;0,022
486;126;DELL'ALBA Gianfranco;I;1617;N;0,141;-0,25
485;127;DELLA VEDOVA Benedetto;I;1617;N;0,165;-0,215
487;128;DELL'UTRI Marcello;I;1608;E;0,57;0,165
464;129;DE MITA Luigi Ciriaco;I;1606;E;0,513;0,103
495;130;DEPREZ Gérard M.J.;B;1105;E;0,473;0,107
468;131;DE ROSSA Proinsias;R;2206;S;-0,257;0,564
497;132;DESAMA Claude J.-M.J.;B;1108;S;-0,277;0,425
469;133;DE SARNEZ Marielle;F;1414;E;0,479;0,108
500;134;DÉSIR Harlem;F;1412;S;-0,414;0,219
505;135;DEVA Nirj;U;2401;E;0,858;-0,513
471;136;DE VEYRAC Christine;F;1418;E;0,566;0,029
518;137;DÍEZ GONZÁLEZ Rosa M.;E;1314;S;-0,227;0,693
509;138;DI LELLO FINUOLI Giuseppe;I;1614;M;-0,885;-0,465
521;139;DILLEN Karel C.C.;B;1112;N;0,4;-0,755
522;140;DIMITRAKOPOULOS Giorgos;G;1505;E;0,559;0,106
510;141;DI PIETRO Antonio;I;1607;L;0,067;-0,094
533;142;DOORN Bert;N;1901;E;0,641;0,11
537;143;DOVER Den;U;2401;E;0,875;-0,484
538;144;DOYLE Avril;R;2202;E;0,588;0,07
541;145;DUCARME Daniel;B;1107;L;0,114;-0,037
545;146;DÜHRKOP DÜHRKOP Bárbara;E;1314;S;-0,22;0,615
543;147;DUFF Andrew Nicholas;U;2405;L;0,124;-0,043
544;148;DUHAMEL Olivier;F;1412;S;-0,311;0,348
548;149;DUPUIS Olivier;I;1617;N;0,14;-0,229
554;150;DYBKJÆR Lone;K;1707;L;0,074;-0,141
556;151;EBNER Michl;I;1625;E;0,57;0,065
557;152;ECHERER Raina A. Mercedes;A;1002;V;-0,786;-0,191
561;153;ELLES James E.M.;U;2401;E;0,9;-0,436
568;154;ERIKSSON Marianne;S;2307;M;-0,804;-0,595
570;155;ESCLOPÉ Alain;F;1403;A;0,163;-0,64
575;156;ESTEVE Pere;E;1303;L;0,139;-0,027
579;157;ETTL Harald;A;1005;S;-0,246;0,561
581;158;EVANS Jonathan;U;2401;E;0,872;-0,489
582;159;EVANS Robert J.E.;U;2404;S;-0,153;0,432
600;160;FÄRM Göran;S;2306;S;-0,227;0,327
598;161;FARAGE Nigel Paul;U;2409;A;0,566;-0,825
604;162;FATUZZO Carlo;I;1615;E;0,609;0,068
607;163;FAVA Giovanni Claudio;I;1613;S;-0,291;0,477
610;164;FERBER Markus;D;1202;E;0,697;0,111
615;165;FERNÁNDEZ MARTÍN Fernando;E;1301;E;0,644;0,174
620;166;FERREIRA Anne;F;1412;S;-0,361;0,263
621;167;FERRER Concepció;E;1318;E;0,448;0,1
623;168;FERRI Enrico;I;1608;E;0,635;0,117
626;169;FIEBIGER Christel;D;1205;M;-0,828;-0,444
627;170;FIGUEIREDO Ilda;P;2102;M;-0,843;-0,538
632;171;FINI Gianfranco;I;1601;G;0,455;-0,279
633;172;FIORI Francesco;I;1608;E;0,662;0,12
635;173;FITTO Raffaele;I;1608;E;0,718;0,188
637;174;FITZSIMONS James (Jim);R;2201;G;0,347;-0,372
639;175;FLAUTRE Hélène;F;1416;V;-0,845;-0,219
640;176;FLEMMING Marialiese;A;1004;E;0,549;0,048
641;177;FLESCH Colette;L;1802;L;0,154;-0,046
642;178;FLORENZ Karl-Heinz;D;1201;E;0,588;0,053
647;179;FOLIAS Christos;G;1505;E;0,609;0,124
648;180;FONTAINE Nicole;F;1414;E;0,587;0,165
650;181;FORD Glyn;U;2404;S;-0,182;0,343
652;182;FORMENTINI Marco;I;1611;L;0,098;-0,042
658;183;FOSTER Jacqueline;U;2401;E;0,866;-0,5
663;184;FOURTOU Janelly;F;1414;E;0,602;0,139
664;185;FRAGA ESTEVEZ Carmen;E;1301;E;0,627;0,205
666;186;FRAHM Pernille;K;1709;M;-0,847;-0,532
667;187;FRAISSE Geneviève;F;1418;M;-0,821;-0,27
670;188;FRASSONI Monica;B;1104;V;-0,798;-0,171
673;189;FRIEDRICH Ingo;D;1202;E;0,671;0,115
679;190;FRUTEAU Jean-Claude ;F;1412;S;-0,311;0,34
688;191;GAHLER Michael;D;1201;E;0,679;0,139
689;192;GAHRTON Per;S;2305;V;-0,832;-0,393
693;193;GALEOTE QUECEDO Gerardo;E;1301;E;0,65;0,193
695;194;GALLAGHER Pat the Cope;R;2201;G;0,329;-0,482
704;195;GARAUD Marie-Françoise;F;1418;N;0,387;-0,621
709;196;GARCÍA-MARGALLO Y MARFIL José Manuel;E;1301;E;0,649;0,202
710;197;GARCÍA-ORCOYEN TORMO Cristina;E;1301;E;0,61;0,155
712;198;GARGANI Giuseppe;I;1608;E;0,661;0,116
714;199;GAROT Georges;F;1412;S;-0,295;0,357
715;200;GARRIGA POLLEDO Salvador;E;1301;E;0,615;0,2
716;201;GASOLIBA i BÖHM Carles-Alfred;E;1303;L;0,17;-0,044
721;202;GAULLE Charles de;F;1406;N;0,324;-0,767
724;203;GAWRONSKI Jas;I;1608;E;0,645;0,143
726;204;GEBHARDT Evelyne;D;1207;S;-0,214;0,64
727;205;GEMELLI Vitaliano;I;1604;E;0,64;0,141
736;206;GHILARDOTTI Fiorella;I;1613;S;-0,263;0,526
737;207;GIANNAKOU-KOUTSIKOU Marietta;G;1505;E;0,601;0,083
740;208;GILL Neena;U;2404;S;-0,156;0,428
741;209;GILLIG Marie-Hélène;F;1412;S;-0,294;0,333
744;210;GIL-ROBLES GIL-DELGADO José María;E;1301;E;0,613;0,185
748;211;GLANTE Norbert;D;1207;S;-0,2;0,665
749;212;GLASE Anne-Karin;D;1201;E;0,655;0,153
753;213;GOBBO Gian Paolo;I;1611;N;0,282;-0,44
754;214;GOEBBELS Robert;L;1804;S;-0,089;0,358
758;215;GOEPEL Lutz;D;1201;E;0,662;0,153
772;216;GÖRLACH Willi;D;1207;S;-0,206;0,627
762;217;GOLLNISCH Bruno;F;1406;N;0,361;-0,764
764;218;GOMOLKA Alfred;D;1201;E;0,69;0,155
767;219;GONZÁLEZ ÁLVAREZ Laura;E;1311;M;-0,905;-0,423
769;220;GOODWILL Robert;U;2401;E;0,87;-0,493
773;221;GOROSTIAGA ATXALANDABASO Koldo;E;1307;N;-0,916;-0,4
776;222;GRAEFE zu BARINGDORF Friedrich-Wilhelm;D;1204;V;-0,724;-0,168
775;223;GRAÇA MOURA Vasco;P;2106;E;0,651;0,079
788;224;GRÖNER Lissy;D;1207;S;-0,23;0,632
790;225;GROSCH Mathieu J.H.;B;1102;E;0,48;0,113
791;226;GROSSETÊTE Françoise;F;1410;E;0,593;0,094
804;227;GUTIÉRREZ-CORTINES Cristina;E;1301;E;0,615;0,13
805;228;GUY-QUINT Catherine;F;1412;S;-0,293;0,328
808;229;HAARDER Bertel;K;1711;L;0,156;-0,079
821;230;HÄNSCH Klaus;D;1207;S;-0,138;0,747
813;231;HAGER Gerhard;A;1001;N;0,359;-0,234
820;232;HANNAN Daniel J.;U;2401;E;0,863;-0,504
822;233;HANSENNE Michel;B;1109;E;0,561;0,157
825;234;HARBOUR Malcolm;U;2401;E;0,878;-0,478
832;235;HATZIDAKIS Konstantinos;G;1505;E;0,612;0,134
834;236;HAUG Jutta D.;D;1207;S;-0,21;0,607
835;237;HAUTALA Heidi Anneli;O;2007;V;-0,797;-0,216
837;238;HAZAN Adeline;F;1412;S;-0,316;0,316
838;239;HEATON-HARRIS Christopher;U;2401;E;0,867;-0,498
839;240;HEDKVIST PETERSEN Ewa;S;2306;S;-0,235;0,293
844;241;HELMER Roger;U;2401;E;0,861;-0,509
850;242;HERMANGE Marie-Thérèse;F;1404;E;0,598;0,01
852;243;HERNÁNDEZ MOLLAR Jorge Salvador;E;1301;E;0,629;0,125
859;244;HIERONYMI Ruth;D;1201;E;0,654;0,135
863;245;HOFF Magdalene;D;1207;S;-0,191;0,67
868;246;HOLMES Michael John;U;2409;N;-0,357;-0,934
870;247;HONEYBALL Mary;U;2404;S;-0,143;0,41
877;248;HORTEFEUX Brice;F;1404;E;0,599;0,053
880;249;HOWITT Richard;U;2404;S;-0,155;0,383
882;250;HUDGHTON Ian Stewart;U;2408;V;-0,717;-0,224
883;251;HUE Robert;F;1409;M;.;.
884;252;HUGHES Stephen;U;2404;S;-0,159;0,418
886;253;HUHNE Christopher;U;2405;L;0,131;-0,073
887;254;HULTEN Michiel van ;N;1906;S;-0,226;0,426
888;255;HULTHÉN Anneli;S;2306;S;-0,271;0,326
889;256;HUME John;U;2407;S;-0,191;0,521
892;257;HYLAND Liam;R;2201;G;0,382;-0,406
894;258;IIVARI Ulpu;O;2003;S;-0,198;0,715
896;259;ILGENFRITZ Wolfgang;A;1001;N;0,289;-0,308
899;260;IMBENI Renzo;I;1613;S;-0,255;0,502
900;261;INGLEWOOD The Lord;U;2401;E;0,883;-0,469
905;262;ISLER BÉGUIN Marie Anne;F;1416;V;-0,81;-0,204
908;263;IZQUIERDO COLLADO Juan de Dios;E;1314;S;-0,24;0,627
909;264;IZQUIERDO ROJO María;E;1314;S;-0,229;0,548
910;265;JACKSON Caroline F.;U;2401;E;0,891;-0,443
919;266;JARZEMBOWSKI Georg;D;1201;E;0,679;0,153
920;267;JEAN-PIERRE Thierry B.;F;1410;E;0,603;0,116
921;268;JEGGLE Elisabeth;D;1201;E;0,664;0,155
922;269;JENSEN Anne Elisabet;K;1711;L;0,159;-0,084
931;270;JÖNS Karin;D;1207;S;-0,206;0,617
929;271;JONCKHEER Pierre;B;1104;V;-0,795;-0,19
935;272;JOVÉ PERES Salvador;E;1311;M;-0,907;-0,42
937;273;JUNKER Karin;D;1207;S;-0,201;0,566
945;274;KARAMANOU Anna;G;1506;S;-0,226;0,572
946;275;KARAS Othmar;A;1004;E;0,597;0,118
951;276;KATIFORIS Giorgos;G;1506;S;-0,199;0,483
954;277;KAUFMANN Sylvia-Yvonne;D;1205;M;-0,883;-0,438
955;278;KAUPPI Piia-Noora;O;2002;E;0,595;-0,055
962;279;KEPPELHOFF-WIECHERT Hedwig;D;1201;E;0,675;0,155
964;280;KESSLER Margot;D;1207;S;-0,206;0,619
967;281;KHANBHAI Bashir;U;2401;E;0,883;-0,469
970;282;KINDERMANN Heinz;D;1207;S;-0,18;0,753
971;283;KINNOCK Glenys;U;2404;S;-0,14;0,394
973;284;KIRKHOPE Timothy;U;2401;E;0,875;-0,485
976;285;KLAMT Ewa;D;1201;E;0,68;0,132
977;286;KLASS Christa;D;1201;E;0,683;0,12
983;287;KNÖRR BORRÀS Gorka;E;1306;V;-0,75;-0,189
982;288;KNOLLE Karsten;D;1201;E;0,673;0,134
984;289;KOCH Dieter-Lebrecht;D;1201;E;0,678;0,132
993;290;KONRAD Christoph Werner;D;1201;E;0,684;0,055
994;291;KORAKAS Efstratios;G;1504;M;-0,74;-0,673
995;292;KORHOLA Eija-Riitta Anneli;O;2005;E;0,494;-0,011
998;293;KOUKIADIS Ioannis;G;1506;S;-0,205;0,497
999;294;KOULOURIANOS Dimitrios;G;1502;M;-0,852;-0,439
1001;295;KRARUP Ole;K;1703;M;-0,757;-0,654
1002;296;KRATSA-TSAGAROPOULOU Rodi;G;1505;E;0,595;0,113
1003;297;KREHL Constanze Angela;D;1207;S;-0,187;0,763
1004;298;KREISSL-DÖRFLER Wolfgang;D;1207;S;-0,321;0,197
1007;299;KRIVINE Alain;F;1408;M;-0,837;-0,548
1008;300;KRONBERGER Hans;A;1001;N;0,196;-0,308
1010;301;KUCKELKORN Wilfried;D;1207;S;-0,196;0,569
1013;302;KUHNE Helmut;D;1207;S;-0,206;0,632
1015;303;KUNTZ Florence;F;1407;A;0,353;-0,7
1020;304;LAAN Lousewies van der ;N;1902;L;0,096;-0,07
1027;305;LAGE Carlos;P;2105;S;-0,211;0,559
1028;306;LAGENDIJK Joost;N;1903;V;-0,778;-0,169
1030;307;LAGUILLER Arlette;F;1408;M;-0,779;-0,627
1033;308;LALUMIERE Catherine;F;1405;S;-0,268;0,407
1036;309;LAMASSOURE Alain;F;1414;E;0,565;0,102
1037;310;LAMBERT Jean;U;2403;V;-0,819;-0,255
1042;311;LANG Carl;F;1406;N;0,346;-0,783
1044;312;LANGE Bernd;D;1207;S;-0,211;0,577
1046;313;LANGEN Werner;D;1201;E;0,669;0,137
1047;314;LANGENHAGEN Brigitte;D;1201;E;0,667;0,16
1050;315;LANNOYE Paul A.A.J.G.;B;1104;V;-0,83;-0,213
1019;316;LA PERRIERE Thierry de;F;1407;N;0,428;-0,655
1053;317;LASCHET Armin;D;1201;E;0,654;0,155
1058;318;LAVARRA Vincenzo;I;1613;S;-0,236;0,524
1065;319;LECHNER Kurt;D;1201;E;0,668;0,155
1069;320;LEHNE Klaus-Heiner;D;1201;E;0,672;0,128
1070;321;LEINEN Jo;D;1207;S;-0,215;0,562
1061;322;LE PEN Jean-Marie;F;1406;N;0,291;-0,767
1080;323;LIENEMANN Marie-Noëlle;F;1412;S;-0,346;0,272
1081;324;LIESE Peter;D;1201;E;0,626;0,122
1089;325;LINKOHR Rolf;D;1207;S;-0,178;0,621
1092;326;LIPIETZ Alain;F;1416;V;-0,803;-0,21
1094;327;LISI Giorgio;I;1608;E;0,69;0,091
1102;328;LOMBARDO Raffaele;I;1603;E;0,698;0,108
1108;329;LUCAS Caroline;U;2403;V;-0,868;-0,314
1111;330;LUDFORD Sarah;U;2405;L;0,118;-0,039
1117;331;LÜTTGE Günter;D;1207;S;.;.
1114;332;LULLING Astrid;L;1803;E;0,658;0,027
1115;333;LUND Torben;K;1708;S;-0,331;0,088
1119;334;LYNNE Elizabeth;U;2405;L;0,134;-0,089
1120;335;MAAT Albert Jan;N;1901;E;0,56;0,069
1121;336;MAATEN Jules;N;1909;L;0,16;-0,057
1204;337;McAVAN Linda;U;2404;S;-0,152;0,408
1205;338;McCARTHY Arlene;U;2404;S;-0,129;0,349
1206;339;McCARTIN John Joseph;R;2202;E;0,636;0,118
1126;340;MacCORMICK Neil;U;2408;V;-0,713;-0,232
1210;341;McKENNA Patricia;R;2203;V;-0,874;-0,372
1212;342;McMILLAN-SCOTT Edward H.C.;U;2401;E;0,886;-0,463
1213;343;McNALLY Eryl Margaret;U;2404;S;-0,18;0,411
1128;344;MADELIN Alain;F;1410;E;0,659;0,119
1129;345;MAES Nelly;B;1113;V;-0,76;-0,186
1134;346;MAIJ-WEGGEN Hanja;N;1901;E;0,507;0,058
1142;347;MALLIORI Minerva Melpomeni;G;1506;S;-0,203;0,553
1143;348;MALMSTRÖM Cecilia;S;2302;L;0,13;-0,074
1147;349;MANDERS Toine;N;1909;L;0,17;-0,043
1148;350;MANISCO Lucio;I;1614;M;-0,873;-0,487
1149;351;MANN Erika;D;1207;S;-0,098;0,649
1150;352;MANN Thomas;D;1201;E;0,67;0,145
1152;353;MANTOVANI Mario;I;1608;E;0,654;0,124
1156;354;MARCHIANI Jean-Charles;F;1407;G;0,466;-0,568
1160;355;MARINHO Luís;P;2105;S;-0,213;0,22
1161;356;MARINI Franco;I;1606;E;0,559;0,136
1162;357;MARINOS Ioannis;G;1505;E;0,607;0,107
1165;358;MARKOV Helmuth;D;1205;M;-0,9;-0,435
1170;359;MARQUES Sérgio;P;2106;E;0,65;0,117
1172;360;MARSET CAMPOS Pedro;E;1311;M;-0,917;-0,399
1175;361;MARTELLI Claudio;I;1621;L;0,087;-0,118
1176;362;MARTENS Maria;N;1901;E;0,594;0,109
1178;363;MARTIN David W.;U;2404;S;-0,146;0,391
1179;364;MARTIN Hans-Peter;A;1005;S;-0,356;0,202
1180;365;MARTIN Hugues;F;1404;E;0,585;0,067
1185;366;MARTINEZ Jean-Claude;F;1406;N;0,284;-0,777
1186;367;MARTÍNEZ MARTÍNEZ Miguel Angel;E;1314;S;-0,226;0,645
1188;368;MASTELLA Mario Clemente;I;1626;E;0,466;-0,039
1189;369;MASTORAKIS Emmanouil;G;1506;S;-0,202;0,568
1191;370;MATHIEU Véronique;F;1403;A;0,155;-0,594
1192;371;MATIKAINEN-KALLSTRÖM Marjo;O;2002;E;0,542;-0,021
1195;372;MAURO Mario;I;1608;E;0,665;0,087
1198;373;MAYER Hans-Peter;D;1201;E;0,663;0,159
1200;374;MAYER Xaver;D;1202;E;0,665;0,151
1216;375;MEDINA ORTEGA Manuel;E;1314;S;-0,214;0,661
1220;376;MEIJER Erik;N;1908;M;-0,856;-0,518
1225;377;MÉNDEZ DE VIGO Íñigo;E;1301;E;0,635;0,181
1226;378;MENDILUCE PEREIRO José María;E;1314;S;-0,409;0,132
1228;379;MENÉNDEZ del VALLE Emilio;E;1314;S;-0,224;0,685
1229;380;MENNEA Pietro-Paolo;I;1616;E;0,305;-0,01
1231;381;MENRAD Winfried;D;1201;E;0,659;0,163
1236;382;MESSNER Reinhold;I;1609;V;-0,801;-0,194
1241;383;MIGUÉLEZ RAMOS Rosa;E;1314;S;-0,221;0,646
1243;384;MILLER Bill;U;2404;S;-0,148;0,453
1246;385;MIRANDA Joaquim;P;2102;M;-0,849;-0,528
1250;386;MODROW Hans;D;1205;M;-0,897;-0,441
1254;387;MOMBAUR Peter Michael;D;1201;E;0,674;0,146
1264;388;MONTFORT Elizabeth;F;1407;E;0,478;-0,559
1266;389;MORAES Claude;U;2404;S;-0,151;0,4
1272;390;MOREIRA DA SILVA Jorge;P;2106;E;0,604;0,118
1275;391;MORGAN Eluned;U;2404;S;-0,176;0,413
1276;392;MORGANTINI Luisa;I;1614;M;-0,905;-0,426
1277;393;MORILLON Philippe;F;1414;E;0,615;0,113
1290;394;MÜLLER Emilia Franziska;D;1202;E;0,555;0,103
1293;395;MÜLLER Rosemarie;D;1207;S;-0,189;0,754
1288;396;MULDER Jan;N;1909;L;0,165;-0,052
1298;397;MURPHY Simon Francis;U;2404;S;-0,139;0,407
1299;398;MUSCARDINI Cristiana;I;1601;G;0,462;-0,362
1300;399;MUSOTTO Francesco;I;1608;E;0,672;0,151
1303;400;MUSUMECI Sebastiano (Nello);I;1601;G;0,477;-0,326
1305;401;MYLLER Riitta;O;2003;S;-0,249;0,476
1315;402;NAΪR Sami;F;1423;M;-0,433;0,042
1306;403;NAPOLETANO Pasqualina;I;1613;S;-0,272;0,501
1308;404;NAPOLITANO Giorgio;I;1613;S;-0,242;0,552
1309;405;NARANJO ESCOBAR Juan Andrés;E;1301;E;0,633;0,208
1312;406;NASSAUER Hartmut;D;1201;E;0,683;0,15
1324;407;NEWTON DUNN Bill;U;2405;L;0,227;-0,075
1327;408;NICHOLSON James;U;2410;E;0,899;-0,438
1328;409;NICHOLSON OF WINTERBOURNE Baroness;U;2405;L;0,216;-0,156
1330;410;NIEBLER Angelika;D;1202;E;0,688;0,085
1335;411;NISTICO' Giuseppe;I;1608;E;0,634;0,117
1337;412;NOBILIA Mauro;I;1601;G;0,453;-0,313
1338;413;NOGUEIRA ROMÁN Camilo;E;1302;V;-0,763;-0,208
1347;414;NOVELLI Hervé;F;1410;L;0,665;0,042
1353;415;OBIOLS i GERMÀ Raimon;E;1314;S;-0,223;0,753
1361;416;OJEDA SANZ Juan;E;1301;E;0,631;0,19
1362;417;OKKING Jens Dyhr;K;1705;M;-0,618;-0,642
1366;418;OLSSON Karl Erik;S;2301;L;0,121;-0,096
1369;419;ONESTA Gérard;F;1416;V;-0,789;-0,21
1371;420;OOMEN-RUIJTEN Ria G.H.C.;N;1901;E;0,547;0,115
1372;421;OOSTLANDER Arie M.;N;1901;E;0,593;0,129
1380;422;ORTUONDO LARREA Josu;E;1313;V;-0,768;-0,203
1382;423;O'TOOLE Barbara;U;2404;S;-0,178;0,424
1385;424;PAASILINNA Reino;O;2003;S;-0,292;0,231
1388;425;PACHECO PEREIRA José;P;2106;E;0,637;0,06
1389;426;PACIOTTI Elena Ornella;I;1613;S;-0,272;0,479
1390;427;PACK Doris;D;1201;E;0,66;0,132
1393;428;PAISLEY Ian R.K.;U;2402;N;0,252;-0,412
1395;429;PALACIO VALLELERSUNDI Ana;E;1301;E;0,6;0,161
1400;430;PANNELLA Marco;I;1617;N;0,172;-0,191
1407;431;PAPAYANNAKIS Mihail;G;1507;M;-0,91;-0,399
1411;432;PARISH Neil;U;2401;E;0,867;-0,498
1415;433;PASQUA Charles;F;1407;G;0,506;-0,545
1419;434;PATRIE Béatrice;F;1423;S;-0,312;0,297
1423;435;PAULSEN Marit;S;2302;L;0,136;-0,078
1428;436;PEIJS Karla M.H.;N;1901;E;0,566;0,097
1437;437;PÉREZ ÁLVAREZ Manuel;E;1301;E;0,632;0,209
1438;438;PÉREZ ROYO Fernando;E;1314;S;-0,226;0,517
1441;439;PERRY Roy;U;2401;E;0,879;-0,477
1445;440;PESÄLÄ Mikko;O;2001;L;0,166;-0,095
1458;441;PIECYK Wilhelm Ernst;D;1207;S;-0,212;0,613
1461;442;PIÉTRASANTA Yves;F;1416;V;-0,816;-0,221
1472;443;PIRKER Hubert;A;1004;E;0,61;0,116
1476;444;PISICCHIO Giuseppe;I;1623;E;0,637;0,091
1480;445;PITTELLA Giovanni;I;1613;S;-0,24;0,499
1484;446;PLOOIJ-VAN GORSEL Elly;N;1909;L;0,168;-0,061
1486;447;PODESTÀ Guido;I;1608;E;0,643;0,144
1488;448;POETTERING Hans-Gert;D;1201;E;0,669;0,174
1490;449;POHJAMO Samuli;O;2001;L;0,163;-0,119
1491;450;POIGNANT Bernard;F;1412;S;-0,299;0,34
1494;451;POLI BORTONE Adriana;I;1601;G;0,466;-0,324
1496;452;POMÉS RUIZ José Javier;E;1301;E;0,576;0,109
1504;453;POOS Jacques F.;L;1804;S;-0,142;0,398
1511;454;POSSELT Bernd;D;1202;E;0,632;-0,009
1516;455;PRETS Christa;A;1005;S;-0,245;0,559
1518;456;PROCACCI Giovanni;I;1607;L;0,132;-0,015
1519;457;PRONK Bartho;N;1901;E;0,568;0,108
1522;458;PROVAN James L.C.;U;2401;E;0,903;-0,41
1525;459;PUERTA Alonso José;E;1311;M;-0,826;-0,326
1529;460;PURVIS John;U;2401;E;0,892;-0,451
1531;461;QUEIRÓ Luís;P;2101;G;0,452;-0,443
1534;462;QUISTHOUDT-ROWOHL Godelieve;D;1201;E;0,68;0,155
1537;463;RACK Reinhard;A;1004;E;0,598;0,105
1539;464;RADWAN Alexander;D;1202;E;0,687;0,079
1546;465;RANDZIO-PLATH Christa;D;1207;S;-0,204;0,61
1547;466;RAPKAY Bernhard;D;1207;S;-0,195;0,729
1548;467;RASCHHOFER Daniela;A;1001;N;0,224;-0,31
1551;468;RAYMOND Michel;F;1403;A;0,188;-0,651
1552;469;READ Imelda Mary;U;2404;S;-0,165;0,412
1554;470;REDONDO JIMÉNEZ Encarnación;E;1301;E;0,632;0,17
1561;471;REIS Fernando;P;2106;E;0,56;0,06
1568;472;RIBEIRO E CASTRO José;P;2101;G;0,448;-0,455
1570;473;RIDRUEJO Mónica;E;1301;E;0,675;0,237
1572;474;RIES Frédérique;B;1107;L;0,149;-0,056
1575;475;RIIS-JØRGENSEN Karin;K;1711;L;0,167;-0,074
1578;476;RIPOLL Y MARTÍNEZ DE BEDOYA Carlos;E;1301;E;0,65;0,203
1583;477;ROCARD Michel;F;1412;S;-0,287;0,381
1584;478;ROD Didier;F;1416;V;-0,869;-0,255
1585;479;RODRÍGUEZ RAMOS María;E;1314;S;-0,222;0,611
1597;480;ROO Alexander de;N;1903;V;-0,798;-0,175
1607;481;ROTH-BEHRENDT Dagmar;D;1207;S;-0,212;0,659
1608;482;ROTHE Mechtild;D;1207;S;-0,204;0,699
1609;483;ROTHLEY Willi;D;1207;S;-0,156;0,61
1613;484;ROURE Martine;F;1412;S;-0,33;0,274
1615;485;ROVSING Christian Foldberg;K;1706;E;0,664;0,148
1617;486;RÜBIG Paul;A;1004;E;0,601;0,1
1620;487;RÜHLE Heide;D;1204;V;-0,774;-0,176
1619;488;RUFFOLO Giorgio;I;1613;S;-0,248;0,561
1625;489;RUTELLI Francesco;I;1607;L;0,123;-0,016
1632;490;SACCONI Guido;I;1613;S;-0,251;0,539
1633;491;SACRÉDEUS Lennart;S;2303;E;0,355;-0,207
1667;492;SAΪFI Tokia;F;1410;E;0,596;0,076
1635;493;SAINT-JOSSE Jean;F;1403;A;0,198;-0,643
1637;494;SAKELLARIOU Jannis;D;1207;S;-0,2;0,721
1639;495;SALAFRANCA SÁNCHEZ-NEYRA José Ignacio;E;1301;E;0,625;0,191
1643;496;SÁNCHEZ GARCÍA Isidoro;E;1305;L;0,139;-0,024
1645;497;SANDBÆK Ulla Margrethe;K;1705;A;-0,645;-0,555
1647;498;SANDERS-TEN HOLTE Maria Johanna (Marieke);N;1909;L;0,153;-0,058
1649;499;SANTER Jacques;L;1803;E;0,579;0,122
1662;500;SARTORI Amalia;I;1608;E;0,657;0,105
1664;501;SAUQUILLO PÉREZ DEL ARCO Francisca;E;1314;S;-0,223;0,664
1665;502;SAVARY Gilles;F;1412;S;-0,311;0,281
1668;503;SBARBATI Luciana;I;1618;L;0,122;-0,054
1670;504;SCALLON Dana Rosemary;R;2204;E;0,733;-0,304
1672;505;SCAPAGNINI Umberto;I;1608;E;0,655;0,129
1677;506;SCHEELE Karin;A;1005;S;-0,299;0,373
1681;507;SCHIERHUBER Agnes;A;1004;E;0,582;0,097
1686;508;SCHLEICHER Ursula;D;1202;E;0,662;0,109
1688;509;SCHMID Gerhard;D;1207;S;-0,168;0,6
1689;510;SCHMID Herman;S;2307;M;-0,81;-0,587
1691;511;SCHMIDT Olle;S;2302;L;0,136;-0,08
1694;512;SCHMITT Ingo;D;1201;E;0,681;0,154
1695;513;SCHNELLHARDT Horst;D;1201;E;0,662;0,159
1702;514;SCHÖRLING Inger;S;2305;V;-0,833;-0,348
1701;515;SCHORI Pierre;S;2306;S;-0,265;0,363
1705;516;SCHRÖDER Ilka;D;1204;M;-0,894;-0,449
1706;517;SCHRÖDER Jürgen;D;1201;E;0,673;0,127
1707;518;SCHROEDTER Elisabeth;D;1204;V;-0,816;-0,239
1708;519;SCHULZ Martin;D;1207;S;-0,202;0,671
1709;520;SCHWAIGER Konrad K.;D;1201;E;0,653;0,136
1722;521;SEGNI Mariotto;I;1624;G;0,416;-0,304
1724;522;SEGURO António José;P;2105;S;-0,22;0,503
1730;523;SEPPÄNEN Esko Olavi;O;2006;M;-0,802;-0,597
1731;524;SGARBI Vittorio;I;1608;E;0,509;-0,024
1733;525;SICHROVSKY Peter;A;1001;N;0,45;-0,157
1743;526;SIMPSON Brian;U;2404;S;-0,133;0,423
1746;527;SJÖSTEDT Jonas;S;2307;M;-0,807;-0,591
1747;528;SKINNER Peter William;U;2404;S;-0,132;0,392
1749;529;SMET Miet;B;1103;E;0,505;0,103
1753;530;SOARES Mário;P;2105;S;-0,194;0,522
1758;531;SÖRENSEN Patsy;B;1101;V;-0,77;-0,162
1755;532;SOMMER Renate;D;1201;E;0,668;0,123
1759;533;SORNOSA MARTÍNEZ María;E;1314;S;-0,222;0,567
1760;534;SOUCHET Dominique F.C.;F;1407;N;0,45;-0,634
1761;535;SOULADAKIS Ioannis;G;1506;S;-0,209;0,568
1763;536;SOUSA PINTO Sérgio;P;2105;S;-0,22;0,545
1770;537;SPERONI Francesco Enrico;I;1611;N;0,341;-0,455
1776;538;STAES Bart;B;1113;V;-0,747;-0,191
1783;539;STAUNER Gabriele;D;1202;E;0,665;0,076
1787;540;STENMARCK Per;S;2304;E;0,66;-0,076
1788;541;STENZEL Ursula;A;1004;E;0,587;0,107
1789;542;STERCKX Dirk;B;1110;L;0,156;-0,038
1792;543;STEVENSON Struan;U;2401;E;0,877;-0,48
1795;544;STIHLER Catherine (nee TAYLOR);U;2404;S;-0,162;0,435
1798;545;STOCKMANN Ulrich;D;1207;S;-0,176;0,676
1799;546;STOCKTON The Earl of;U;2401;E;0,885;-0,397
1802;547;STURDY Robert William;U;2401;E;0,876;-0,482
1804;548;SUDRE Margie;F;1404;E;0,596;0,106
1805;549;SUMBERG David;U;2401;E;0,88;-0,476
1806;550;SUOMINEN Ilkka;O;2002;E;0,619;0,048
1809;551;SWIEBEL Joke;N;1906;S;-0,224;0,426
1810;552;SWOBODA Johannes (Hannes);A;1005;S;-0,243;0,57
1811;553;SYLLA Fodé;F;1418;M;-0,884;-0,467
1812;554;TAJANI Antonio;I;1608;E;0,674;0,161
1815;555;TANNOCK Charles;U;2401;E;0,878;-0,479
1828;556;TERRÓN i CUSÍ Anna;E;1315;S;-0,233;0,505
1831;557;THEATO Diemut R.;D;1201;E;0,672;0,163
1833;558;THEONAS Ioannis;G;1504;M;-0,81;-0,587
1834;559;THEORIN Maj Britt;S;2306;S;-0,31;0,023
1835;560;THIELEMANS Freddy;B;1108;S;-0,231;0,423
1837;561;THOMAS-MAURO Nicole;F;1407;N;0,435;-0,588
1840;562;THORNING-SCHMIDT Helle;K;1708;S;-0,271;0,254
1841;563;THORS Astrid;O;2004;L;0,111;-0,111
1842;564;THYSSEN Marianne L.P.;B;1103;E;0,524;0,117
1845;565;TITFORD Jeffrey William;U;2409;A;0,492;-0,801
1846;566;TITLEY Gary;U;2404;S;-0,138;0,427
1856;567;TORRES MARQUES Helena;P;2105;S;-0,221;0,55
1860;568;TRAKATELLIS Antonios;G;1505;E;0,569;0,117
1864;569;TRENTIN Bruno;I;1613;S;-0,245;0,44
1871;570;TSATSOS Dimitris;G;1506;S;-0,183;0,54
1875;571;TURCHI Franz;I;1601;G;0,473;-0,337
1876;572;TURCO Maurizio;I;1617;N;0,154;-0,242
1877;573;TURMES Claude;L;1801;V;-0,82;-0,246
1881;574;UCA Feleknas;D;1205;M;-0,892;-0,452
1887;575;VACHETTA Roseline;F;1408;M;-0,858;-0,513
1920;576;VÄYRYNEN Paavo;O;2001;L;0,179;-0,142
1888;577;VAIRINHOS Joaquim;P;2105;S;-0,273;0,407
1889;578;VALDIVIELSO DE CUÉ Jaime;E;1301;E;0,643;0,176
1890;579;VALENCIANO MARTÍNEZ-OROZCO María Elena;E;1314;S;-0,236;0,551
1896;580;VAN BREMPT Kathleen;B;1111;S;-0,354;0,276
1907;581;VANDER TAELEN Luckas;B;1101;V;-0,74;-0,165
1910;582;VANHECKE Frank;B;1112;N;0,35;-0,645
1897;583;VAN HECKE Johan;B;1103;L;0,296;0,002
1899;584;VAN LANCKER Anne E.M.;B;1111;S;-0,373;0,217
1901;585;VAN ORDEN Geoffrey;U;2401;E;0,866;-0,501
1914;586;VARAUT Alexandre;F;1407;N;0,407;-0,641
1916;587;VARELA SUANZES-CARPEGNA Daniel;E;1301;E;0,634;0,19
1918;588;VATANEN Ari;O;2002;E;0,61;-0,019
1919;589;VATTIMO Gianni;I;1613;S;-0,249;0,491
1927;590;VELTRONI Walter;I;1613;S;-0,268;0,414
1904;591;van VELZEN W.G.;N;1901;E;0,609;0,108
1944;592;VICECONTE Guido;I;1608;E;0,669;0,122
1945;593;VIDAL-QUADRAS ROCA Alejo;E;1301;E;0,612;0,168
1951;594;VILLIERS Theresa;U;2401;E;0,859;-0,513
1952;595;VINCI Luigi;I;1614;M;-0,893;-0,449
1955;596;VIRRANKOSKI Kyösti Tapio;O;2001;L;0,174;-0,128
1964;597;VLASTO Dominique;F;1410;E;0,572;0,095
1965;598;VOGGENHUBER Johannes;A;1002;V;-0,793;-0,206
1967;599;VOLCIC Demetrio;I;1613;S;-0,238;0,545
1980;600;WALLIS Diana;U;2405;L;0,115;-0,037
1982;601;WALTER Ralf;D;1207;S;-0,199;0,778
1985;602;WATSON Graham R.;U;2405;L;0,114;-0,046
1986;603;WATTS Mark Francis;U;2404;S;-0,142;0,392
1992;604;WEILER Barbara;D;1207;S;-0,225;0,577
1997;605;WENZEL-PERILLO Brigitte;D;1201;E;0,68;0,15
1999;606;WESTENDORP Y CABEZA Carlos;E;1314;S;-0,18;0,615
2002;607;WHITEHEAD Phillip;U;2404;S;-0,156;0,412
2004;608;WIEBENGA Jan-Kees;N;1909;L;0,165;-0,032
2006;609;WIELAND Rainer;D;1201;E;0,671;0,146
2007;610;WIERSMA Jan Marinus;N;1906;S;-0,235;0,488
2008;611;WIJKMAN Anders;S;2303;E;0,218;-0,079
1970;612;von WOGAU Karl;D;1201;E;0,647;0,119
2017;613;WUERMELING Joachim;D;1202;E;0,651;0,079
2018;614;WUORI Matti;O;2007;V;-0,815;-0,268
2020;615;WURTZ Francis;F;1409;M;-0,883;-0,469
2021;616;WYN Eurig;U;2406;V;-0,78;-0,237
2022;617;WYNN Terence;U;2404;S;-0,121;0,427
2024;618;ZABELL Theresa;E;1301;E;0,633;0,219
2026;619;ZACHARAKIS Christos;G;1505;E;0,583;0,106
2029;620;ZAPPALA' Stefano;I;1608;E;0,681;0,148
2037;621;ZIMERAY François;F;1412;S;-0,222;0,31
2038;622;ZIMMERLING Jürgen;D;1201;E;0,678;0,16
2040;623;ZISSENER Sabine;D;1202;E;0,673;0,164
2041;624;ZORBA Myrsini;G;1506;S;-0,232;0,504
244;625;BURENSTAM LINDER Staffan;S;2304;E;0,62;-0,047
558;626;EFTHYMIOU Petros;G;1506;S;-0,112;0,654
587;627;FABRA VALLÉS Juan Manuel;E;1301;E;0,618;0,259
789;628;GRÖNFELDT BERGMAN Lisbeth;S;2304;E;0,694;-0,111
529;629;DONNELLY Alan John;U;2404;S;-0,176;0,334
783;630;GREEN Pauline;U;2404;S;-0,148;0,365
949;631;KAROUTCHI Roger;F;1404;E;0,697;0,158
866;632;HOLLANDE François;F;1412;S;-0,372;0,609
1843;633;TILLICH Stanislaw;D;1201;E;0,934;-0,176
1553;634;REDING Viviane;L;1803;E;.;.
206;635;BOSSU Peter;B;1108;S;.;.
1507;636;PORTAS Paulo;P;2101;G;-0,082;-0,997
47;637;ANDRIA Generoso;I;1608;E;0,643;0,133
316;638;CAVERI Luciano;I;1627;L;0,076;-0,067
948;639;KARLSSON Hans;S;2306;S;-0,206;0,355
2023;640;XARCHAKOS Stavros;G;1505;E;0,516;0,105
857;641;HERZOG Philippe A.R.;F;1418;M;-0,773;-0,268
546;642;DUIN Garrelt;D;1207;S;-0,212;0,602
1797;643;STIRBOIS Marie-France;F;1406;N;0,426;-0,896
1651;644;SANTKIN Jacques;B;1108;S;-0,213;0,625
1418;645;PATAKIS Ioannis;G;1504;M;-0,721;-0,693
2043;646;ZRIHEN Olga;B;1108;S;-0,375;0,212
1325;647;NEYTS-UYTTEBROECK Annemie;B;1110;L;.;.
250;648;BUSQUIN Philippe;B;1108;S;.;.
1950;649;VILLIERS Philippe de ;F;1410;G;0,433;-0,901
759;650;GOERENS Charles;L;1802;L;.;.
1659;651;SARKOZY Nicolas;F;1404;E;.;.
465;652;DE PALACIO VALLELERSUNDI Loyola;E;1301;E;.;.
45;653;ANDRÉ-LÉONARD Anne;B;1107;L;0,228;-0,009
110;654;BARTOLOZZI Paolo;I;1608;E;0,687;0,17
114;655;BASTOS Regina;P;2106;E;0,641;0,142
123;656;BAYONA de PEROGORDO Juan José;E;1301;E;0,636;0,213
128;657;BEBEAR Jean-Pierre;F;1410;E;0,579;0,115
394;658;CORSARO Massimo;I;1601;G;0,297;-0,164
1654;659;SANTOS Manuel António dos ;P;2105;S;-0,215;0,651
1245;660;MIRANDA DE LAGE Ana;E;1314;S;-0,242;0,619
1341;661;NORDMANN Jean-Thomas;F;1413;E;0,334;0,026
1650;662;SANTINI Giacomo;I;1608;E;0,65;0,13
1673;663;SCARBONCHI Michel-Ange;F;1405;M;-0,503;-0,037
1894;664;VALLVÉ Joan M.;E;1303;L;0,138;-0,063
1934;665;VERMEER Herman;N;1909;L;0,172;-0,055
2044;666;AALTONEN Uma;O;2007;V;-0,787;-0,182
2045;667;ANDERSeN Bent Hindrup;K;1705;A;-0,555;-0,558
2046;668;BERGAZ CONESA María Luisa;E;1311;M;-0,905;-0,425
194;669;BOOGERD-QUAAK Johanna L.A.;N;1902;L;0,069;-0,059
2047;670;BOOTH Graham H.;U;2409;A;0,525;-0,776
198;671;BORGHEZIO Mario;I;1611;N;0,368;-0,481
226;672;BRIENZA Giuseppe;I;1603;E;0,661;0,136
2048;673;CALO Giorgio;I;1607;L;0,133;-0,1
2049;674;CLAEYS Philip;B;1112;N;0,422;-0,808
457;675;DE KEYSER Véronique;B;1108;S;-0,353;0,269
1942;676;VEYRINAS Françoise de ;F;1424;E;0,546;0,094
498;677;DESCAMPS Marie-Hélène;F;1410;E;0,589;0,112
507;678;DHAENE Jan;B;1101;V;-0,666;-0,091
2050;679;DILLEN Koenraad;B;1112;N;0,404;-0,833
2051;680;EL KHADRAOUI Säid;B;1111;S;-0,428;0,19
2052;681;FERRÁNDEZ LEZAUN Juan Manuel;E;1312;V;-0,678;-0,066
853;682;HERRANZ GARCÍA María Esther;E;1301;E;0,637;0,178
1201;683;MAYOL i RAYNAL Miquel;E;1308;V;-0,804;-0,25
1230;684;MENNITTI Domenico;I;1608;E;0,651;0,166
2053;685;MONSONÍS DOMINGO Enrique;E;1320;L;0,138;-0,062
1301;686;MUSSA Antonio;I;1601;G;0,495;-0,31
1352;687;Ó NEACHTAIN Seán;R;2201;G;0,408;-0,341
1374;688;OREJA ARBURÚA Marcelino;E;1301;E;0,65;0,203
1416;689;PASTORELLI Paolo;I;1604;E;0,655;0,119
1453;690;PEX Peter;N;1901;E;0,589;0,132
1475;691;PISCARRETA Joaquim;P;2106;E;0,66;0,163
1646;692;SANDBERG-FRIES Yvonne;S;2306;S;-0,212;0,209
1675;693;SCHAFFNER Anne-Marie;F;1404;E;0,563;0,055
1757;694;SØRENSEN Ole B.;K;1711;L;0,161;-0,105
1975;695;WACHTMEISTER Peder;S;2304;E;0,666;-0,06
580;696;EVANS Jillian;U;2406;V;-0,782;-0,214
